,file,dsize,valid,acc,error_rate,bacc,prec,recall,f1
0,oursxgboost-creditg-cv0-e128-s16-mistral-7b,200,0.745,0.6912751677852349,0.3087248322147651,0.49047619047619045,0.7006802721088435,0.9809523809523809,0.8174603174603174
1,oursxgboost-creditg-cv1-e128-s16-mistral-7b,200,0.99,0.6616161616161617,0.33838383838383834,0.5,0.6616161616161617,1.0,0.7963525835866262
2,oursxgboost-creditg-cv2-e128-s16-mistral-7b,200,0.885,0.7175141242937854,0.28248587570621464,0.49224806201550386,0.7257142857142858,0.9844961240310077,0.8355263157894737
3,oursxgboost-creditg-cv3-e128-s16-mistral-7b,200,0.94,0.6914893617021277,0.3085106382978723,0.4961832061068702,0.6951871657754011,0.9923664122137404,0.8176100628930818
4,oursxgboost-creditg-cv4-e128-s16-mistral-7b,200,0.845,0.757396449704142,0.242603550295858,0.49230769230769234,0.7664670658682635,0.9846153846153847,0.8619528619528619
