,file,dsize,valid,acc,error_rate,bacc,prec,recall,f1
0,ourscocktail-bank-cv0-e128-s16-mistral-7b,1000,0.772,0.9067357512953368,0.09326424870466321,0.6404427579694686,0.6410256410256411,0.30120481927710846,0.4098360655737705
