,file,dsize,valid,acc,error_rate,bacc,prec,recall,f1
0,ourscocktail-jungle-cv0-e256-s16-llama3-8b,1000,0.998,0.5420841683366734,0.4579158316633266,0.5404904476760765,0.696078431372549,0.14285714285714285,0.2370617696160267
1,ourscocktail-jungle-cv1-e256-s16-llama3-8b,1000,1.0,0.56,0.43999999999999995,0.5547980282952436,0.6494252873563219,0.22967479674796748,0.33933933933933935
2,ourscocktail-jungle-cv2-e256-s16-llama3-8b,1000,0.994,0.5855130784708249,0.4144869215291751,0.5895977870389495,0.6599326599326599,0.3865877712031558,0.48756218905472637
3,ourscocktail-jungle-cv3-e256-s16-llama3-8b,1000,1.0,0.503,0.497,0.5120648259303722,0.6382978723404256,0.058823529411764705,0.10771992818671454
4,ourscocktail-jungle-cv4-e256-s16-llama3-8b,1000,0.985,0.5380710659898477,0.46192893401015234,0.5373710596403275,0.5676691729323309,0.3075356415478615,0.3989431968295905
