,file,dsize,valid,acc,error_rate,bacc,prec,recall,f1
0,ourscocktail-bank-cv0-e128-s32-mistral-7b,1000,0.593,0.6812816188870152,0.3187183811129848,0.5527428371767995,0.11797752808988764,0.39622641509433965,0.18181818181818182
1,ourscocktail-bank-cv1-e128-s32-mistral-7b,1000,0.516,0.7965116279069767,0.20348837209302328,0.4957783465744773,0.12,0.08955223880597014,0.10256410256410256
2,ourscocktail-bank-cv2-e128-s32-mistral-7b,1000,0.786,0.7417302798982188,0.2582697201017812,0.49280948851000744,0.09032258064516129,0.18421052631578946,0.12121212121212122
3,ourscocktail-bank-cv3-e128-s32-mistral-7b,1000,0.957,0.8840125391849529,0.11598746081504707,0.5424044265593562,0.39285714285714285,0.10476190476190476,0.16541353383458646
4,ourscocktail-bank-cv4-e128-s32-mistral-7b,1000,0.993,0.7603222557905337,0.2396777442094663,0.5371560388861427,0.1744186046511628,0.23809523809523808,0.20134228187919462
