,file,dsize,valid,acc,error_rate,bacc,prec,recall,f1
0,ourssv-creditg-cv0-e128-s16-mistral-7b,200,0.835,0.6706586826347305,0.3293413173652695,0.5092532467532467,0.6748466257668712,0.9821428571428571,0.8
1,ourssv-creditg-cv1-e128-s16-mistral-7b,200,0.99,0.6363636363636364,0.36363636363636365,0.4845619232083856,0.6544502617801047,0.9541984732824428,0.7763975155279503
2,ourssv-creditg-cv2-e128-s16-mistral-7b,200,0.86,0.6802325581395349,0.31976744186046513,0.47950819672131145,0.7005988023952096,0.9590163934426229,0.8096885813148789
3,ourssv-creditg-cv3-e128-s16-mistral-7b,200,0.94,0.7074468085106383,0.29255319148936165,0.5089285714285714,0.7058823529411765,1.0,0.8275862068965517
4,ourssv-creditg-cv4-e128-s16-mistral-7b,200,0.89,0.6685393258426966,0.3314606741573034,0.4645133505598622,0.7435897435897436,0.8592592592592593,0.7972508591065293
