,file,dsize,valid,acc,error_rate,bacc,prec,recall,f1
0,oursrule-creditg-cv0-e128-s16-mistral-7b,200,0.88,0.6647727272727273,0.3352272727272727,0.5132963179427236,0.6766467065868264,0.9576271186440678,0.7929824561403509
1,oursrule-creditg-cv1-e128-s16-mistral-7b,200,0.94,0.6702127659574468,0.32978723404255317,0.5,0.6702127659574468,1.0,0.802547770700637
2,oursrule-creditg-cv2-e128-s16-mistral-7b,200,0.91,0.7087912087912088,0.2912087912087912,0.49835353988923814,0.7191011235955056,0.9770992366412213,0.8284789644012945
3,oursrule-creditg-cv3-e128-s16-mistral-7b,200,0.915,0.6830601092896175,0.31693989071038253,0.48828125,0.6944444444444444,0.9765625,0.8116883116883117
4,oursrule-creditg-cv4-e128-s16-mistral-7b,200,0.915,0.73224043715847,0.26775956284153,0.5079710144927536,0.7572254335260116,0.9492753623188406,0.842443729903537
