,file,dsize,valid,acc,error_rate,bacc,prec,recall,f1
0,tabllm-bank-cv0-e128-s32-mistral-7b,1000,0.9390000000000001,0.8296059637912673,0.17039403620873272,0.5492712929536034,0.21739130434782608,0.18518518518518517,0.2
1,tabllm-bank-cv1-e128-s32-mistral-7b,1000,0.9299999999999999,0.8010752688172043,0.19892473118279574,0.5130667111964599,0.15463917525773196,0.1271186440677966,0.13953488372093023
2,tabllm-bank-cv2-e128-s32-mistral-7b,1000,0.945,0.8486772486772487,0.1513227513227513,0.5067971754334676,0.13725490196078433,0.0660377358490566,0.08917197452229299
3,tabllm-bank-cv3-e128-s32-mistral-7b,1000,0.933,0.8145766345123259,0.18542336548767413,0.5487329651732431,0.2037037037037037,0.2018348623853211,0.20276497695852536
4,tabllm-bank-cv4-e128-s32-mistral-7b,1000,0.916,0.7947598253275109,0.20524017467248912,0.48502612463361794,0.09302325581395349,0.06779661016949153,0.0784313725490196
