,file,dsize,valid,acc,error_rate,bacc,prec,recall,f1
0,tabllm-heart-cv0-e256-s16-llama3-8b,183,0.994535519125683,0.6153846153846154,0.3846153846153846,0.5291541541541541,0.6079545454545454,0.9907407407407407,0.7535211267605634
1,tabllm-heart-cv1-e256-s16-llama3-8b,184,0.9836956521739131,0.5911602209944752,0.4088397790055248,0.5149749373433584,0.5875706214689266,0.9904761904761905,0.7375886524822695
2,tabllm-heart-cv2-e256-s16-llama3-8b,183,0.994535519125683,0.5494505494505495,0.4505494505494505,0.5060240963855421,0.5469613259668509,1.0,0.7071428571428572
3,tabllm-heart-cv3-e256-s16-llama3-8b,184,1.0,0.5434782608695652,0.4565217391304348,0.5333333333333333,0.5280898876404494,1.0,0.6911764705882353
4,tabllm-heart-cv4-e256-s16-llama3-8b,184,0.9891304347826086,0.5604395604395604,0.43956043956043955,0.5121951219512195,0.5555555555555556,1.0,0.7142857142857143
